Type,Name,Request Count,Failure Count,Median Response Time,Average Response Time,Min Response Time,Max Response Time,Average Content Size,Requests/s,Failures/s,50%,66%,75%,80%,90%,95%,98%,99%,99.9%,99.99%,100%
POST,/predict,82,82,140.0,185.53292560939488,110.79749999771593,923.8569999979518,20.48780487804878,1.4519609267650957,1.4519609267650957,140,160,220,280,300,310,320,920,920,920,920
,Aggregated,82,82,140.0,185.53292560939488,110.79749999771593,923.8569999979518,20.48780487804878,1.4519609267650957,1.4519609267650957,140,160,220,280,300,310,320,920,920,920,920
